"MethodName","Patch","Compiled","AllTestsPassed","TotalExecutionTime(ms)","Fitness","FitnessImprovement","MemoryUsed (MB)"
"com.google.gson.GsonBuilder.com.google.gson.GsonBuilder.create()","|","true","true","1454.8059","60.0","0.0","60.0987"
"com.google.gson.GsonBuilder.com.google.gson.GsonBuilder.create()","| gin.edit.statement.SwapStatement ""./gson/src/main/java/com/google/gson/GsonBuilder.java"":1070 <-> ""./gson/src/main/java/com/google/gson/GsonBuilder.java"":1100 |","true","true","1207.986","55.0","5.0","55.783585"
"com.google.gson.GsonBuilder.com.google.gson.GsonBuilder.create()","| gin.edit.statement.SwapStatement ""./gson/src/main/java/com/google/gson/GsonBuilder.java"":1062 <-> ""./gson/src/main/java/com/google/gson/GsonBuilder.java"":1107 |","true","false","1222.498","1.7976931348623157E308","-1.7976931348623157E308","55.543377"
"com.google.gson.GsonBuilder.com.google.gson.GsonBuilder.create()","| gin.edit.statement.ReplaceStatement ""./gson/src/main/java/com/google/gson/GsonBuilder.java"":705 -> ""./gson/src/main/java/com/google/gson/GsonBuilder.java"":1093 |","false","false","0.0","1.7976931348623157E308","-1.7976931348623157E308","0.0"
"com.google.gson.GsonBuilder.com.google.gson.GsonBuilder.create()","| gin.edit.statement.DeleteStatement ""./gson/src/main/java/com/google/gson/GsonBuilder.java"":1070 |","true","false","1207.3362","1.7976931348623157E308","-1.7976931348623157E308","55.08328"
"com.google.gson.GsonBuilder.com.google.gson.GsonBuilder.create()","| gin.edit.statement.SwapStatement ""./gson/src/main/java/com/google/gson/GsonBuilder.java"":1093 <-> ""./gson/src/main/java/com/google/gson/GsonBuilder.java"":1093 | gin.edit.statement.DeleteStatement ""./gson/src/main/java/com/google/gson/GsonBuilder.java"":1107 |","true","true","1213.9077","54.0","6.0","54.837955"
"com.google.gson.GsonBuilder.com.google.gson.GsonBuilder.create()","| gin.edit.statement.ReplaceStatement ""./gson/src/main/java/com/google/gson/GsonBuilder.java"":1077 -> ""./gson/src/main/java/com/google/gson/GsonBuilder.java"":1062 |","false","false","0.0","1.7976931348623157E308","-1.7976931348623157E308","0.0"
"com.google.gson.GsonBuilder.com.google.gson.GsonBuilder.create()","| gin.edit.statement.CopyStatement ""./gson/src/main/java/com/google/gson/GsonBuilder.java"":491 -> ""./gson/src/main/java/com/google/gson/GsonBuilder.java"":1035:1070 |","false","false","0.0","1.7976931348623157E308","-1.7976931348623157E308","0.0"
"com.google.gson.GsonBuilder.com.google.gson.GsonBuilder.create()","| gin.edit.statement.SwapStatement ""./gson/src/main/java/com/google/gson/GsonBuilder.java"":1093 <-> ""./gson/src/main/java/com/google/gson/GsonBuilder.java"":1093 | gin.edit.statement.CopyStatement ""./gson/src/main/java/com/google/gson/GsonBuilder.java"":813 -> ""./gson/src/main/java/com/google/gson/GsonBuilder.java"":1035:1035 |","false","false","0.0","1.7976931348623157E308","-1.7976931348623157E308","0.0"
"com.google.gson.GsonBuilder.com.google.gson.GsonBuilder.create()","| gin.edit.statement.CopyStatement ""./gson/src/main/java/com/google/gson/GsonBuilder.java"":912 -> ""./gson/src/main/java/com/google/gson/GsonBuilder.java"":1035:1107 |","false","false","0.0","1.7976931348623157E308","-1.7976931348623157E308","0.0"
"com.google.gson.GsonBuilder.com.google.gson.GsonBuilder.create()","| gin.edit.statement.ReplaceStatement ""./gson/src/main/java/com/google/gson/GsonBuilder.java"":1367 -> ""./gson/src/main/java/com/google/gson/GsonBuilder.java"":1118 |","false","false","0.0","1.7976931348623157E308","-1.7976931348623157E308","0.0"
"com.google.gson.GsonBuilder.com.google.gson.GsonBuilder.create()","| gin.edit.statement.DeleteStatement ""./gson/src/main/java/com/google/gson/GsonBuilder.java"":1107 |","true","true","1212.9003","57.0","3.0","57.564953"
"com.google.gson.GsonBuilder.com.google.gson.GsonBuilder.create()","| gin.edit.statement.CopyStatement ""./gson/src/main/java/com/google/gson/GsonBuilder.java"":1107 -> ""./gson/src/main/java/com/google/gson/GsonBuilder.java"":1035:1107 |","true","true","1200.8107","62.0","-2.0","62.36972"
"com.google.gson.GsonBuilder.com.google.gson.GsonBuilder.create()","| gin.edit.statement.DeleteStatement ""./gson/src/main/java/com/google/gson/GsonBuilder.java"":1036 |","true","false","1839.7026","1.7976931348623157E308","-1.7976931348623157E308","62.933857"
"com.google.gson.GsonBuilder.com.google.gson.GsonBuilder.create()","| gin.edit.statement.DeleteStatement ""./gson/src/main/java/com/google/gson/GsonBuilder.java"":1100 |","true","false","1202.153","1.7976931348623157E308","-1.7976931348623157E308","61.935734"
"com.google.gson.GsonBuilder.com.google.gson.GsonBuilder.create()","| gin.edit.statement.ReplaceStatement ""./gson/src/main/java/com/google/gson/GsonBuilder.java"":528 -> ""./gson/src/main/java/com/google/gson/GsonBuilder.java"":1062 |","false","false","0.0","1.7976931348623157E308","-1.7976931348623157E308","0.0"
"com.google.gson.GsonBuilder.com.google.gson.GsonBuilder.create()","| gin.edit.statement.CopyStatement ""./gson/src/main/java/com/google/gson/GsonBuilder.java"":1249 -> ""./gson/src/main/java/com/google/gson/GsonBuilder.java"":1035:1107 |","false","false","0.0","1.7976931348623157E308","-1.7976931348623157E308","0.0"
"com.google.gson.GsonBuilder.com.google.gson.GsonBuilder.create()","| gin.edit.statement.SwapStatement ""./gson/src/main/java/com/google/gson/GsonBuilder.java"":1093 <-> ""./gson/src/main/java/com/google/gson/GsonBuilder.java"":1093 | gin.edit.statement.SwapStatement ""./gson/src/main/java/com/google/gson/GsonBuilder.java"":1107 <-> ""./gson/src/main/java/com/google/gson/GsonBuilder.java"":1062 |","true","false","1225.8662","1.7976931348623157E308","-1.7976931348623157E308","60.25993"
"com.google.gson.GsonBuilder.com.google.gson.GsonBuilder.create()","| gin.edit.statement.CopyStatement ""./gson/src/main/java/com/google/gson/GsonBuilder.java"":722 -> ""./gson/src/main/java/com/google/gson/GsonBuilder.java"":1035:1077 | gin.edit.statement.SwapStatement ""./gson/src/main/java/com/google/gson/GsonBuilder.java"":1118 <-> ""./gson/src/main/java/com/google/gson/GsonBuilder.java"":1036 |","false","false","0.0","1.7976931348623157E308","-1.7976931348623157E308","0.0"
"com.google.gson.GsonBuilder.com.google.gson.GsonBuilder.create()","| gin.edit.statement.SwapStatement ""./gson/src/main/java/com/google/gson/GsonBuilder.java"":1093 <-> ""./gson/src/main/java/com/google/gson/GsonBuilder.java"":1093 | gin.edit.statement.ReplaceStatement ""./gson/src/main/java/com/google/gson/GsonBuilder.java"":820 -> ""./gson/src/main/java/com/google/gson/GsonBuilder.java"":1118 |","false","false","0.0","1.7976931348623157E308","-1.7976931348623157E308","0.0"
"com.google.gson.GsonBuilder.com.google.gson.GsonBuilder.create()","| gin.edit.statement.CopyStatement ""./gson/src/main/java/com/google/gson/GsonBuilder.java"":722 -> ""./gson/src/main/java/com/google/gson/GsonBuilder.java"":1035:1077 | gin.edit.statement.SwapStatement ""./gson/src/main/java/com/google/gson/GsonBuilder.java"":1093 <-> ""./gson/src/main/java/com/google/gson/GsonBuilder.java"":1093 | gin.edit.statement.DeleteStatement ""./gson/src/main/java/com/google/gson/GsonBuilder.java"":1118 |","false","false","0.0","1.7976931348623157E308","-1.7976931348623157E308","0.0"
"com.google.gson.GsonBuilder.com.google.gson.GsonBuilder.create()","| gin.edit.statement.SwapStatement ""./gson/src/main/java/com/google/gson/GsonBuilder.java"":1093 <-> ""./gson/src/main/java/com/google/gson/GsonBuilder.java"":1093 | gin.edit.statement.ReplaceStatement ""./gson/src/main/java/com/google/gson/GsonBuilder.java"":638 -> ""./gson/src/main/java/com/google/gson/GsonBuilder.java"":1107 |","false","false","0.0","1.7976931348623157E308","-1.7976931348623157E308","0.0"
"com.google.gson.GsonBuilder.com.google.gson.GsonBuilder.create()","| gin.edit.statement.DeleteStatement ""./gson/src/main/java/com/google/gson/GsonBuilder.java"":1118 |","false","false","0.0","1.7976931348623157E308","-1.7976931348623157E308","0.0"
"com.google.gson.GsonBuilder.com.google.gson.GsonBuilder.create()","| gin.edit.statement.SwapStatement ""./gson/src/main/java/com/google/gson/GsonBuilder.java"":1070 <-> ""./gson/src/main/java/com/google/gson/GsonBuilder.java"":1100 | gin.edit.statement.CopyStatement ""./gson/src/main/java/com/google/gson/GsonBuilder.java"":755 -> ""./gson/src/main/java/com/google/gson/GsonBuilder.java"":1035:1035 |","true","true","1208.4137","59.0","1.0","59.381687"
"com.google.gson.GsonBuilder.com.google.gson.GsonBuilder.create()","| gin.edit.statement.DeleteStatement ""./gson/src/main/java/com/google/gson/GsonBuilder.java"":1100 |","true","false","1203.976","1.7976931348623157E308","-1.7976931348623157E308","59.597534"
"com.google.gson.GsonBuilder.com.google.gson.GsonBuilder.create()","| gin.edit.statement.CopyStatement ""./gson/src/main/java/com/google/gson/GsonBuilder.java"":470 -> ""./gson/src/main/java/com/google/gson/GsonBuilder.java"":1035:1077 |","true","false","1201.5538","1.7976931348623157E308","-1.7976931348623157E308","56.51898"
"com.google.gson.GsonBuilder.com.google.gson.GsonBuilder.create()","| gin.edit.statement.SwapStatement ""./gson/src/main/java/com/google/gson/GsonBuilder.java"":1070 <-> ""./gson/src/main/java/com/google/gson/GsonBuilder.java"":1100 | gin.edit.statement.ReplaceStatement ""./gson/src/main/java/com/google/gson/GsonBuilder.java"":510 -> ""./gson/src/main/java/com/google/gson/GsonBuilder.java"":1100 |","true","true","1213.1512","62.0","-2.0","62.802277"
"com.google.gson.GsonBuilder.com.google.gson.GsonBuilder.create()","| gin.edit.statement.SwapStatement ""./gson/src/main/java/com/google/gson/GsonBuilder.java"":1093 <-> ""./gson/src/main/java/com/google/gson/GsonBuilder.java"":1093 | gin.edit.statement.DeleteStatement ""./gson/src/main/java/com/google/gson/GsonBuilder.java"":1107 | gin.edit.statement.ReplaceStatement ""./gson/src/main/java/com/google/gson/GsonBuilder.java"":656 -> ""./gson/src/main/java/com/google/gson/GsonBuilder.java"":1036 |","false","false","0.0","1.7976931348623157E308","-1.7976931348623157E308","0.0"
"com.google.gson.GsonBuilder.com.google.gson.GsonBuilder.create()","| gin.edit.statement.SwapStatement ""./gson/src/main/java/com/google/gson/GsonBuilder.java"":1070 <-> ""./gson/src/main/java/com/google/gson/GsonBuilder.java"":1100 | gin.edit.statement.SwapStatement ""./gson/src/main/java/com/google/gson/GsonBuilder.java"":1093 <-> ""./gson/src/main/java/com/google/gson/GsonBuilder.java"":1093 | gin.edit.statement.DeleteStatement ""./gson/src/main/java/com/google/gson/GsonBuilder.java"":1107 | gin.edit.statement.CopyStatement ""./gson/src/main/java/com/google/gson/GsonBuilder.java"":1367 -> ""./gson/src/main/java/com/google/gson/GsonBuilder.java"":1035:1062 |","false","false","0.0","1.7976931348623157E308","-1.7976931348623157E308","0.0"
"com.google.gson.GsonBuilder.com.google.gson.GsonBuilder.create()","| gin.edit.statement.DeleteStatement ""./gson/src/main/java/com/google/gson/GsonBuilder.java"":1107 | gin.edit.statement.DeleteStatement ""./gson/src/main/java/com/google/gson/GsonBuilder.java"":1035 |","false","false","0.0","1.7976931348623157E308","-1.7976931348623157E308","0.0"
"com.google.gson.GsonBuilder.com.google.gson.GsonBuilder.create()","| gin.edit.statement.SwapStatement ""./gson/src/main/java/com/google/gson/GsonBuilder.java"":1070 <-> ""./gson/src/main/java/com/google/gson/GsonBuilder.java"":1100 | gin.edit.statement.CopyStatement ""./gson/src/main/java/com/google/gson/GsonBuilder.java"":1187 -> ""./gson/src/main/java/com/google/gson/GsonBuilder.java"":1035:1077 |","true","true","1223.8562","62.0","-2.0","62.895775"
"com.google.gson.GsonBuilder.com.google.gson.GsonBuilder.create()","| gin.edit.statement.SwapStatement ""./gson/src/main/java/com/google/gson/GsonBuilder.java"":1118 <-> ""./gson/src/main/java/com/google/gson/GsonBuilder.java"":1107 |","false","false","0.0","1.7976931348623157E308","-1.7976931348623157E308","0.0"
"com.google.gson.GsonBuilder.com.google.gson.GsonBuilder.create()","| gin.edit.statement.DeleteStatement ""./gson/src/main/java/com/google/gson/GsonBuilder.java"":1036 |","true","false","1830.7203","1.7976931348623157E308","-1.7976931348623157E308","61.79989"
"com.google.gson.GsonBuilder.com.google.gson.GsonBuilder.create()","| gin.edit.statement.CopyStatement ""./gson/src/main/java/com/google/gson/GsonBuilder.java"":761 -> ""./gson/src/main/java/com/google/gson/GsonBuilder.java"":1035:1035 |","false","false","0.0","1.7976931348623157E308","-1.7976931348623157E308","0.0"
"com.google.gson.GsonBuilder.com.google.gson.GsonBuilder.create()","| gin.edit.statement.DeleteStatement ""./gson/src/main/java/com/google/gson/GsonBuilder.java"":1036 |","true","false","1839.7559","1.7976931348623157E308","-1.7976931348623157E308","62.156467"
"com.google.gson.GsonBuilder.com.google.gson.GsonBuilder.create()","| gin.edit.statement.SwapStatement ""./gson/src/main/java/com/google/gson/GsonBuilder.java"":1070 <-> ""./gson/src/main/java/com/google/gson/GsonBuilder.java"":1100 | gin.edit.statement.CopyStatement ""./gson/src/main/java/com/google/gson/GsonBuilder.java"":582 -> ""./gson/src/main/java/com/google/gson/GsonBuilder.java"":1035:1093 |","false","false","0.0","1.7976931348623157E308","-1.7976931348623157E308","0.0"
"com.google.gson.GsonBuilder.com.google.gson.GsonBuilder.create()","| gin.edit.statement.SwapStatement ""./gson/src/main/java/com/google/gson/GsonBuilder.java"":1036 <-> ""./gson/src/main/java/com/google/gson/GsonBuilder.java"":1062 |","true","false","1440.566","1.7976931348623157E308","-1.7976931348623157E308","60.820904"
"com.google.gson.GsonBuilder.com.google.gson.GsonBuilder.create()","| gin.edit.statement.ReplaceStatement ""./gson/src/main/java/com/google/gson/GsonBuilder.java"":698 -> ""./gson/src/main/java/com/google/gson/GsonBuilder.java"":1100 |","false","false","0.0","1.7976931348623157E308","-1.7976931348623157E308","0.0"
"com.google.gson.GsonBuilder.com.google.gson.GsonBuilder.create()","| gin.edit.statement.CopyStatement ""./gson/src/main/java/com/google/gson/GsonBuilder.java"":509 -> ""./gson/src/main/java/com/google/gson/GsonBuilder.java"":1035:1062 |","false","false","0.0","1.7976931348623157E308","-1.7976931348623157E308","0.0"
"com.google.gson.GsonBuilder.com.google.gson.GsonBuilder.create()","| gin.edit.statement.SwapStatement ""./gson/src/main/java/com/google/gson/GsonBuilder.java"":1118 <-> ""./gson/src/main/java/com/google/gson/GsonBuilder.java"":1036 |","false","false","0.0","1.7976931348623157E308","-1.7976931348623157E308","0.0"
"com.google.gson.GsonBuilder.com.google.gson.GsonBuilder.create()","| gin.edit.statement.CopyStatement ""./gson/src/main/java/com/google/gson/GsonBuilder.java"":591 -> ""./gson/src/main/java/com/google/gson/GsonBuilder.java"":1035:1035 |","false","false","0.0","1.7976931348623157E308","-1.7976931348623157E308","0.0"
"com.google.gson.GsonBuilder.com.google.gson.GsonBuilder.create()","| gin.edit.statement.CopyStatement ""./gson/src/main/java/com/google/gson/GsonBuilder.java"":591 -> ""./gson/src/main/java/com/google/gson/GsonBuilder.java"":1035:1036 |","false","false","0.0","1.7976931348623157E308","-1.7976931348623157E308","0.0"
"com.google.gson.GsonBuilder.com.google.gson.GsonBuilder.create()","| gin.edit.statement.SwapStatement ""./gson/src/main/java/com/google/gson/GsonBuilder.java"":1070 <-> ""./gson/src/main/java/com/google/gson/GsonBuilder.java"":1100 | gin.edit.statement.DeleteStatement ""./gson/src/main/java/com/google/gson/GsonBuilder.java"":1107 |","true","true","1206.4567","58.0","2.0","58.911427"
"com.google.gson.GsonBuilder.com.google.gson.GsonBuilder.create()","| gin.edit.statement.SwapStatement ""./gson/src/main/java/com/google/gson/GsonBuilder.java"":1070 <-> ""./gson/src/main/java/com/google/gson/GsonBuilder.java"":1100 | gin.edit.statement.CopyStatement ""./gson/src/main/java/com/google/gson/GsonBuilder.java"":755 -> ""./gson/src/main/java/com/google/gson/GsonBuilder.java"":1035:1035 | gin.edit.statement.ReplaceStatement ""./gson/src/main/java/com/google/gson/GsonBuilder.java"":1100 -> ""./gson/src/main/java/com/google/gson/GsonBuilder.java"":1093 |","true","true","1215.4629","59.0","1.0","59.582146"
"com.google.gson.GsonBuilder.com.google.gson.GsonBuilder.create()","| gin.edit.statement.SwapStatement ""./gson/src/main/java/com/google/gson/GsonBuilder.java"":1070 <-> ""./gson/src/main/java/com/google/gson/GsonBuilder.java"":1100 | gin.edit.statement.CopyStatement ""./gson/src/main/java/com/google/gson/GsonBuilder.java"":755 -> ""./gson/src/main/java/com/google/gson/GsonBuilder.java"":1035:1035 | gin.edit.statement.DeleteStatement ""./gson/src/main/java/com/google/gson/GsonBuilder.java"":1070 |","true","true","1226.3256","64.0","-4.0","64.16863"
"com.google.gson.GsonBuilder.com.google.gson.GsonBuilder.create()","| gin.edit.statement.SwapStatement ""./gson/src/main/java/com/google/gson/GsonBuilder.java"":1070 <-> ""./gson/src/main/java/com/google/gson/GsonBuilder.java"":1100 | gin.edit.statement.CopyStatement ""./gson/src/main/java/com/google/gson/GsonBuilder.java"":755 -> ""./gson/src/main/java/com/google/gson/GsonBuilder.java"":1035:1035 | gin.edit.statement.CopyStatement ""./gson/src/main/java/com/google/gson/GsonBuilder.java"":755 -> ""./gson/src/main/java/com/google/gson/GsonBuilder.java"":1035:1035 | gin.edit.statement.DeleteStatement ""./gson/src/main/java/com/google/gson/GsonBuilder.java"":1100 |","true","true","1236.929","63.0","-3.0","63.51356"
"com.google.gson.GsonBuilder.com.google.gson.GsonBuilder.create()","| gin.edit.statement.SwapStatement ""./gson/src/main/java/com/google/gson/GsonBuilder.java"":1070 <-> ""./gson/src/main/java/com/google/gson/GsonBuilder.java"":1100 | gin.edit.statement.CopyStatement ""./gson/src/main/java/com/google/gson/GsonBuilder.java"":755 -> ""./gson/src/main/java/com/google/gson/GsonBuilder.java"":1035:1035 | gin.edit.statement.CopyStatement ""./gson/src/main/java/com/google/gson/GsonBuilder.java"":592 -> ""./gson/src/main/java/com/google/gson/GsonBuilder.java"":1035:1100 |","true","true","1212.5117","63.0","-3.0","63.447205"
"com.google.gson.GsonBuilder.com.google.gson.GsonBuilder.create()","| gin.edit.statement.CopyStatement ""./gson/src/main/java/com/google/gson/GsonBuilder.java"":697 -> ""./gson/src/main/java/com/google/gson/GsonBuilder.java"":1035:1035 |","false","false","0.0","1.7976931348623157E308","-1.7976931348623157E308","0.0"
"com.google.gson.GsonBuilder.com.google.gson.GsonBuilder.create()","| gin.edit.statement.DeleteStatement ""./gson/src/main/java/com/google/gson/GsonBuilder.java"":1062 |","true","false","1429.2749","1.7976931348623157E308","-1.7976931348623157E308","62.48574"
"com.google.gson.GsonBuilder.com.google.gson.GsonBuilder.create()","| gin.edit.statement.CopyStatement ""./gson/src/main/java/com/google/gson/GsonBuilder.java"":1077 -> ""./gson/src/main/java/com/google/gson/GsonBuilder.java"":1035:1035 |","false","false","0.0","1.7976931348623157E308","-1.7976931348623157E308","0.0"
"com.google.gson.GsonBuilder.com.google.gson.GsonBuilder.create()","| gin.edit.statement.SwapStatement ""./gson/src/main/java/com/google/gson/GsonBuilder.java"":1100 <-> ""./gson/src/main/java/com/google/gson/GsonBuilder.java"":1036 |","true","false","1417.019","1.7976931348623157E308","-1.7976931348623157E308","61.438847"
"com.google.gson.GsonBuilder.com.google.gson.GsonBuilder.create()","| gin.edit.statement.CopyStatement ""./gson/src/main/java/com/google/gson/GsonBuilder.java"":264 -> ""./gson/src/main/java/com/google/gson/GsonBuilder.java"":1035:1107 |","false","false","0.0","1.7976931348623157E308","-1.7976931348623157E308","0.0"
"com.google.gson.GsonBuilder.com.google.gson.GsonBuilder.create()","| gin.edit.statement.ReplaceStatement ""./gson/src/main/java/com/google/gson/GsonBuilder.java"":402 -> ""./gson/src/main/java/com/google/gson/GsonBuilder.java"":1036 |","false","false","0.0","1.7976931348623157E308","-1.7976931348623157E308","0.0"
"com.google.gson.GsonBuilder.com.google.gson.GsonBuilder.create()","| gin.edit.statement.CopyStatement ""./gson/src/main/java/com/google/gson/GsonBuilder.java"":283 -> ""./gson/src/main/java/com/google/gson/GsonBuilder.java"":1035:1062 |","false","false","0.0","1.7976931348623157E308","-1.7976931348623157E308","0.0"
"com.google.gson.GsonBuilder.com.google.gson.GsonBuilder.create()","| gin.edit.statement.CopyStatement ""./gson/src/main/java/com/google/gson/GsonBuilder.java"":320 -> ""./gson/src/main/java/com/google/gson/GsonBuilder.java"":1035:1100 |","false","false","0.0","1.7976931348623157E308","-1.7976931348623157E308","0.0"
"com.google.gson.GsonBuilder.com.google.gson.GsonBuilder.create()","| gin.edit.statement.CopyStatement ""./gson/src/main/java/com/google/gson/GsonBuilder.java"":1118 -> ""./gson/src/main/java/com/google/gson/GsonBuilder.java"":1035:1118 |","false","false","0.0","1.7976931348623157E308","-1.7976931348623157E308","0.0"
"com.google.gson.GsonBuilder.com.google.gson.GsonBuilder.create()","| gin.edit.statement.SwapStatement ""./gson/src/main/java/com/google/gson/GsonBuilder.java"":1070 <-> ""./gson/src/main/java/com/google/gson/GsonBuilder.java"":1100 | gin.edit.statement.DeleteStatement ""./gson/src/main/java/com/google/gson/GsonBuilder.java"":1107 | gin.edit.statement.DeleteStatement ""./gson/src/main/java/com/google/gson/GsonBuilder.java"":1100 |","true","true","1217.3524","59.0","1.0","59.88557"
"com.google.gson.GsonBuilder.com.google.gson.GsonBuilder.create()","| gin.edit.statement.SwapStatement ""./gson/src/main/java/com/google/gson/GsonBuilder.java"":1070 <-> ""./gson/src/main/java/com/google/gson/GsonBuilder.java"":1100 | gin.edit.statement.DeleteStatement ""./gson/src/main/java/com/google/gson/GsonBuilder.java"":1107 | gin.edit.statement.SwapStatement ""./gson/src/main/java/com/google/gson/GsonBuilder.java"":1077 <-> ""./gson/src/main/java/com/google/gson/GsonBuilder.java"":1035 |","false","false","0.0","1.7976931348623157E308","-1.7976931348623157E308","0.0"
"com.google.gson.GsonBuilder.com.google.gson.GsonBuilder.create()","| gin.edit.statement.CopyStatement ""./gson/src/main/java/com/google/gson/GsonBuilder.java"":781 -> ""./gson/src/main/java/com/google/gson/GsonBuilder.java"":1035:1036 |","false","false","0.0","1.7976931348623157E308","-1.7976931348623157E308","0.0"
"com.google.gson.GsonBuilder.com.google.gson.GsonBuilder.create()","| gin.edit.statement.CopyStatement ""./gson/src/main/java/com/google/gson/GsonBuilder.java"":529 -> ""./gson/src/main/java/com/google/gson/GsonBuilder.java"":1035:1093 |","false","false","0.0","1.7976931348623157E308","-1.7976931348623157E308","0.0"
"com.google.gson.GsonBuilder.com.google.gson.GsonBuilder.create()","| gin.edit.statement.SwapStatement ""./gson/src/main/java/com/google/gson/GsonBuilder.java"":1093 <-> ""./gson/src/main/java/com/google/gson/GsonBuilder.java"":1036 |","true","false","1459.5431","1.7976931348623157E308","-1.7976931348623157E308","62.798046"
"com.google.gson.GsonBuilder.com.google.gson.GsonBuilder.create()","| gin.edit.statement.DeleteStatement ""./gson/src/main/java/com/google/gson/GsonBuilder.java"":1118 |","false","false","0.0","1.7976931348623157E308","-1.7976931348623157E308","0.0"
"com.google.gson.GsonBuilder.com.google.gson.GsonBuilder.create()","| gin.edit.statement.ReplaceStatement ""./gson/src/main/java/com/google/gson/GsonBuilder.java"":920 -> ""./gson/src/main/java/com/google/gson/GsonBuilder.java"":1035 |","false","false","0.0","1.7976931348623157E308","-1.7976931348623157E308","0.0"
"com.google.gson.GsonBuilder.com.google.gson.GsonBuilder.create()","| gin.edit.statement.SwapStatement ""./gson/src/main/java/com/google/gson/GsonBuilder.java"":1070 <-> ""./gson/src/main/java/com/google/gson/GsonBuilder.java"":1100 | gin.edit.statement.CopyStatement ""./gson/src/main/java/com/google/gson/GsonBuilder.java"":1187 -> ""./gson/src/main/java/com/google/gson/GsonBuilder.java"":1035:1077 | gin.edit.statement.CopyStatement ""./gson/src/main/java/com/google/gson/GsonBuilder.java"":329 -> ""./gson/src/main/java/com/google/gson/GsonBuilder.java"":1035:1077 |","false","false","0.0","1.7976931348623157E308","-1.7976931348623157E308","0.0"
"com.google.gson.GsonBuilder.com.google.gson.GsonBuilder.create()","| gin.edit.statement.SwapStatement ""./gson/src/main/java/com/google/gson/GsonBuilder.java"":1070 <-> ""./gson/src/main/java/com/google/gson/GsonBuilder.java"":1100 | gin.edit.statement.CopyStatement ""./gson/src/main/java/com/google/gson/GsonBuilder.java"":755 -> ""./gson/src/main/java/com/google/gson/GsonBuilder.java"":1035:1035 | gin.edit.statement.ReplaceStatement ""./gson/src/main/java/com/google/gson/GsonBuilder.java"":1100 -> ""./gson/src/main/java/com/google/gson/GsonBuilder.java"":1093 | gin.edit.statement.DeleteStatement ""./gson/src/main/java/com/google/gson/GsonBuilder.java"":1093 |","true","true","1225.4155","62.0","-2.0","62.95484"
"com.google.gson.GsonBuilder.com.google.gson.GsonBuilder.create()","| gin.edit.statement.SwapStatement ""./gson/src/main/java/com/google/gson/GsonBuilder.java"":1077 <-> ""./gson/src/main/java/com/google/gson/GsonBuilder.java"":1036 |","true","false","1447.1873","1.7976931348623157E308","-1.7976931348623157E308","63.28964"
"com.google.gson.GsonBuilder.com.google.gson.GsonBuilder.create()","| gin.edit.statement.CopyStatement ""./gson/src/main/java/com/google/gson/GsonBuilder.java"":755 -> ""./gson/src/main/java/com/google/gson/GsonBuilder.java"":1035:1035 | gin.edit.statement.CopyStatement ""./gson/src/main/java/com/google/gson/GsonBuilder.java"":1077 -> ""./gson/src/main/java/com/google/gson/GsonBuilder.java"":1035:1118 |","false","false","0.0","1.7976931348623157E308","-1.7976931348623157E308","0.0"
"com.google.gson.GsonBuilder.com.google.gson.GsonBuilder.create()","| gin.edit.statement.SwapStatement ""./gson/src/main/java/com/google/gson/GsonBuilder.java"":1107 <-> ""./gson/src/main/java/com/google/gson/GsonBuilder.java"":1062 |","true","false","1235.291","1.7976931348623157E308","-1.7976931348623157E308","62.133446"
"com.google.gson.GsonBuilder.com.google.gson.GsonBuilder.create()","| gin.edit.statement.CopyStatement ""./gson/src/main/java/com/google/gson/GsonBuilder.java"":510 -> ""./gson/src/main/java/com/google/gson/GsonBuilder.java"":1035:1107 |","true","true","1268.0571","62.0","-2.0","62.132816"
"com.google.gson.GsonBuilder.com.google.gson.GsonBuilder.create()","| gin.edit.statement.SwapStatement ""./gson/src/main/java/com/google/gson/GsonBuilder.java"":1070 <-> ""./gson/src/main/java/com/google/gson/GsonBuilder.java"":1077 |","true","true","1219.9517","61.0","-1.0","61.894485"
"com.google.gson.GsonBuilder.com.google.gson.GsonBuilder.create()","| gin.edit.statement.ReplaceStatement ""./gson/src/main/java/com/google/gson/GsonBuilder.java"":674 -> ""./gson/src/main/java/com/google/gson/GsonBuilder.java"":1100 |","false","false","0.0","1.7976931348623157E308","-1.7976931348623157E308","0.0"
"com.google.gson.GsonBuilder.com.google.gson.GsonBuilder.create()","| gin.edit.statement.SwapStatement ""./gson/src/main/java/com/google/gson/GsonBuilder.java"":1062 <-> ""./gson/src/main/java/com/google/gson/GsonBuilder.java"":1107 |","true","false","1239.1022","1.7976931348623157E308","-1.7976931348623157E308","60.555634"
"com.google.gson.GsonBuilder.com.google.gson.GsonBuilder.create()","| gin.edit.statement.DeleteStatement ""./gson/src/main/java/com/google/gson/GsonBuilder.java"":1077 |","true","true","1210.8303","61.0","-1.0","61.038464"
"com.google.gson.GsonBuilder.com.google.gson.GsonBuilder.create()","| gin.edit.statement.SwapStatement ""./gson/src/main/java/com/google/gson/GsonBuilder.java"":1070 <-> ""./gson/src/main/java/com/google/gson/GsonBuilder.java"":1100 | gin.edit.statement.DeleteStatement ""./gson/src/main/java/com/google/gson/GsonBuilder.java"":1107 | gin.edit.statement.DeleteStatement ""./gson/src/main/java/com/google/gson/GsonBuilder.java"":1100 | gin.edit.statement.SwapStatement ""./gson/src/main/java/com/google/gson/GsonBuilder.java"":1100 <-> ""./gson/src/main/java/com/google/gson/GsonBuilder.java"":1100 |","true","true","1224.0111","60.0","0.0","60.711697"
"com.google.gson.GsonBuilder.com.google.gson.GsonBuilder.create()","| gin.edit.statement.SwapStatement ""./gson/src/main/java/com/google/gson/GsonBuilder.java"":1070 <-> ""./gson/src/main/java/com/google/gson/GsonBuilder.java"":1100 | gin.edit.statement.DeleteStatement ""./gson/src/main/java/com/google/gson/GsonBuilder.java"":1107 | gin.edit.statement.DeleteStatement ""./gson/src/main/java/com/google/gson/GsonBuilder.java"":1100 | gin.edit.statement.SwapStatement ""./gson/src/main/java/com/google/gson/GsonBuilder.java"":1118 <-> ""./gson/src/main/java/com/google/gson/GsonBuilder.java"":1077 |","false","false","0.0","1.7976931348623157E308","-1.7976931348623157E308","0.0"
"com.google.gson.GsonBuilder.com.google.gson.GsonBuilder.create()","| gin.edit.statement.SwapStatement ""./gson/src/main/java/com/google/gson/GsonBuilder.java"":1070 <-> ""./gson/src/main/java/com/google/gson/GsonBuilder.java"":1100 | gin.edit.statement.DeleteStatement ""./gson/src/main/java/com/google/gson/GsonBuilder.java"":1100 | gin.edit.statement.SwapStatement ""./gson/src/main/java/com/google/gson/GsonBuilder.java"":1100 <-> ""./gson/src/main/java/com/google/gson/GsonBuilder.java"":1035 |","true","true","1226.3112","63.0","-3.0","63.082253"
"com.google.gson.GsonBuilder.com.google.gson.GsonBuilder.create()","| gin.edit.statement.SwapStatement ""./gson/src/main/java/com/google/gson/GsonBuilder.java"":1107 <-> ""./gson/src/main/java/com/google/gson/GsonBuilder.java"":1107 |","true","true","1215.3668","63.0","-3.0","63.838673"
"com.google.gson.GsonBuilder.com.google.gson.GsonBuilder.create()","| gin.edit.statement.DeleteStatement ""./gson/src/main/java/com/google/gson/GsonBuilder.java"":1035 |","false","false","0.0","1.7976931348623157E308","-1.7976931348623157E308","0.0"
"com.google.gson.GsonBuilder.com.google.gson.GsonBuilder.create()","| gin.edit.statement.CopyStatement ""./gson/src/main/java/com/google/gson/GsonBuilder.java"":338 -> ""./gson/src/main/java/com/google/gson/GsonBuilder.java"":1035:1107 |","false","false","0.0","1.7976931348623157E308","-1.7976931348623157E308","0.0"
"com.google.gson.GsonBuilder.com.google.gson.GsonBuilder.create()","| gin.edit.statement.DeleteStatement ""./gson/src/main/java/com/google/gson/GsonBuilder.java"":1036 |","true","false","1840.9385","1.7976931348623157E308","-1.7976931348623157E308","62.9976"
"com.google.gson.GsonBuilder.com.google.gson.GsonBuilder.create()","| gin.edit.statement.SwapStatement ""./gson/src/main/java/com/google/gson/GsonBuilder.java"":1035 <-> ""./gson/src/main/java/com/google/gson/GsonBuilder.java"":1070 |","false","false","0.0","1.7976931348623157E308","-1.7976931348623157E308","0.0"
"com.google.gson.GsonBuilder.com.google.gson.GsonBuilder.create()","| gin.edit.statement.SwapStatement ""./gson/src/main/java/com/google/gson/GsonBuilder.java"":1062 <-> ""./gson/src/main/java/com/google/gson/GsonBuilder.java"":1062 |","true","true","1227.8901","62.0","-2.0","62.08935"
"com.google.gson.GsonBuilder.com.google.gson.GsonBuilder.create()","| gin.edit.statement.SwapStatement ""./gson/src/main/java/com/google/gson/GsonBuilder.java"":1118 <-> ""./gson/src/main/java/com/google/gson/GsonBuilder.java"":1093 |","false","false","0.0","1.7976931348623157E308","-1.7976931348623157E308","0.0"
"com.google.gson.GsonBuilder.com.google.gson.GsonBuilder.create()","| gin.edit.statement.ReplaceStatement ""./gson/src/main/java/com/google/gson/GsonBuilder.java"":528 -> ""./gson/src/main/java/com/google/gson/GsonBuilder.java"":1035 |","false","false","0.0","1.7976931348623157E308","-1.7976931348623157E308","0.0"
"com.google.gson.GsonBuilder.com.google.gson.GsonBuilder.create()","| gin.edit.statement.SwapStatement ""./gson/src/main/java/com/google/gson/GsonBuilder.java"":1070 <-> ""./gson/src/main/java/com/google/gson/GsonBuilder.java"":1100 | gin.edit.statement.DeleteStatement ""./gson/src/main/java/com/google/gson/GsonBuilder.java"":1107 | gin.edit.statement.DeleteStatement ""./gson/src/main/java/com/google/gson/GsonBuilder.java"":1100 | gin.edit.statement.DeleteStatement ""./gson/src/main/java/com/google/gson/GsonBuilder.java"":1100 |","true","true","1214.9636","61.0","-1.0","61.50136"
"com.google.gson.GsonBuilder.com.google.gson.GsonBuilder.create()","| gin.edit.statement.DeleteStatement ""./gson/src/main/java/com/google/gson/GsonBuilder.java"":1093 |","true","true","1205.6943","62.0","-2.0","62.061207"
"com.google.gson.GsonBuilder.com.google.gson.GsonBuilder.create()","| gin.edit.statement.DeleteStatement ""./gson/src/main/java/com/google/gson/GsonBuilder.java"":1070 |","true","false","1234.3259","1.7976931348623157E308","-1.7976931348623157E308","61.25132"
"com.google.gson.GsonBuilder.com.google.gson.GsonBuilder.create()","| gin.edit.statement.DeleteStatement ""./gson/src/main/java/com/google/gson/GsonBuilder.java"":1100 |","true","false","1210.903","1.7976931348623157E308","-1.7976931348623157E308","61.189465"
"com.google.gson.GsonBuilder.com.google.gson.GsonBuilder.create()","| gin.edit.statement.ReplaceStatement ""./gson/src/main/java/com/google/gson/GsonBuilder.java"":1337 -> ""./gson/src/main/java/com/google/gson/GsonBuilder.java"":1093 |","false","false","0.0","1.7976931348623157E308","-1.7976931348623157E308","0.0"
"com.google.gson.GsonBuilder.com.google.gson.GsonBuilder.create()","| gin.edit.statement.CopyStatement ""./gson/src/main/java/com/google/gson/GsonBuilder.java"":1221 -> ""./gson/src/main/java/com/google/gson/GsonBuilder.java"":1035:1070 |","false","false","0.0","1.7976931348623157E308","-1.7976931348623157E308","0.0"
"com.google.gson.GsonBuilder.com.google.gson.GsonBuilder.create()","| gin.edit.statement.ReplaceStatement ""./gson/src/main/java/com/google/gson/GsonBuilder.java"":1221 -> ""./gson/src/main/java/com/google/gson/GsonBuilder.java"":1107 |","false","false","0.0","1.7976931348623157E308","-1.7976931348623157E308","0.0"
"com.google.gson.GsonBuilder.com.google.gson.GsonBuilder.create()","| gin.edit.statement.SwapStatement ""./gson/src/main/java/com/google/gson/GsonBuilder.java"":1035 <-> ""./gson/src/main/java/com/google/gson/GsonBuilder.java"":1107 |","false","false","0.0","1.7976931348623157E308","-1.7976931348623157E308","0.0"
"com.google.gson.GsonBuilder.com.google.gson.GsonBuilder.create()","| gin.edit.statement.SwapStatement ""./gson/src/main/java/com/google/gson/GsonBuilder.java"":1035 <-> ""./gson/src/main/java/com/google/gson/GsonBuilder.java"":1077 |","false","false","0.0","1.7976931348623157E308","-1.7976931348623157E308","0.0"
"com.google.gson.GsonBuilder.com.google.gson.GsonBuilder.create()","| gin.edit.statement.DeleteStatement ""./gson/src/main/java/com/google/gson/GsonBuilder.java"":1035 |","false","false","0.0","1.7976931348623157E308","-1.7976931348623157E308","0.0"
"com.google.gson.GsonBuilder.com.google.gson.GsonBuilder.create()","| gin.edit.statement.ReplaceStatement ""./gson/src/main/java/com/google/gson/GsonBuilder.java"":419 -> ""./gson/src/main/java/com/google/gson/GsonBuilder.java"":1035 |","false","false","0.0","1.7976931348623157E308","-1.7976931348623157E308","0.0"
"com.google.gson.GsonBuilder.com.google.gson.GsonBuilder.create()","| gin.edit.statement.DeleteStatement ""./gson/src/main/java/com/google/gson/GsonBuilder.java"":1035 |","false","false","0.0","1.7976931348623157E308","-1.7976931348623157E308","0.0"
"com.google.gson.GsonBuilder.com.google.gson.GsonBuilder.create()","| gin.edit.statement.CopyStatement ""./gson/src/main/java/com/google/gson/GsonBuilder.java"":966 -> ""./gson/src/main/java/com/google/gson/GsonBuilder.java"":1035:1118 |","false","false","0.0","1.7976931348623157E308","-1.7976931348623157E308","0.0"
"com.google.gson.GsonBuilder.com.google.gson.GsonBuilder.create()","| gin.edit.statement.ReplaceStatement ""./gson/src/main/java/com/google/gson/GsonBuilder.java"":1268 -> ""./gson/src/main/java/com/google/gson/GsonBuilder.java"":1107 |","false","false","0.0","1.7976931348623157E308","-1.7976931348623157E308","0.0"
"com.google.gson.GsonBuilder.com.google.gson.GsonBuilder.create()","| gin.edit.statement.DeleteStatement ""./gson/src/main/java/com/google/gson/GsonBuilder.java"":1118 |","false","false","0.0","1.7976931348623157E308","-1.7976931348623157E308","0.0"
"com.google.gson.GsonBuilder.com.google.gson.GsonBuilder.create()","| gin.edit.statement.CopyStatement ""./gson/src/main/java/com/google/gson/GsonBuilder.java"":941 -> ""./gson/src/main/java/com/google/gson/GsonBuilder.java"":1035:1107 |","false","false","0.0","1.7976931348623157E308","-1.7976931348623157E308","0.0"
"com.google.gson.GsonBuilder.com.google.gson.GsonBuilder.create()","| gin.edit.statement.SwapStatement ""./gson/src/main/java/com/google/gson/GsonBuilder.java"":1070 <-> ""./gson/src/main/java/com/google/gson/GsonBuilder.java"":1093 |","true","true","1236.7745","62.0","-2.0","62.986732"
"com.google.gson.GsonBuilder.com.google.gson.GsonBuilder.create()","| gin.edit.statement.SwapStatement ""./gson/src/main/java/com/google/gson/GsonBuilder.java"":1070 <-> ""./gson/src/main/java/com/google/gson/GsonBuilder.java"":1100 | gin.edit.statement.DeleteStatement ""./gson/src/main/java/com/google/gson/GsonBuilder.java"":1107 | gin.edit.statement.DeleteStatement ""./gson/src/main/java/com/google/gson/GsonBuilder.java"":1100 | gin.edit.statement.SwapStatement ""./gson/src/main/java/com/google/gson/GsonBuilder.java"":1100 <-> ""./gson/src/main/java/com/google/gson/GsonBuilder.java"":1100 | gin.edit.statement.CopyStatement ""./gson/src/main/java/com/google/gson/GsonBuilder.java"":510 -> ""./gson/src/main/java/com/google/gson/GsonBuilder.java"":1035:1077 |","true","true","1287.1456","63.0","-3.0","63.745613"
"com.google.gson.GsonBuilder.com.google.gson.GsonBuilder.create()","| gin.edit.statement.DeleteStatement ""./gson/src/main/java/com/google/gson/GsonBuilder.java"":1100 |","true","false","1246.8435","1.7976931348623157E308","-1.7976931348623157E308","63.008884"
"com.google.gson.GsonBuilder.com.google.gson.GsonBuilder.create()","| gin.edit.statement.SwapStatement ""./gson/src/main/java/com/google/gson/GsonBuilder.java"":1070 <-> ""./gson/src/main/java/com/google/gson/GsonBuilder.java"":1100 | gin.edit.statement.DeleteStatement ""./gson/src/main/java/com/google/gson/GsonBuilder.java"":1107 | gin.edit.statement.DeleteStatement ""./gson/src/main/java/com/google/gson/GsonBuilder.java"":1036 |","true","false","2195.641","1.7976931348623157E308","-1.7976931348623157E308","62.155746"
"com.google.gson.GsonBuilder.com.google.gson.GsonBuilder.create()","| gin.edit.statement.ReplaceStatement ""./gson/src/main/java/com/google/gson/GsonBuilder.java"":650 -> ""./gson/src/main/java/com/google/gson/GsonBuilder.java"":1093 |","false","false","0.0","1.7976931348623157E308","-1.7976931348623157E308","0.0"
"com.google.gson.GsonBuilder.com.google.gson.GsonBuilder.create()","| gin.edit.statement.SwapStatement ""./gson/src/main/java/com/google/gson/GsonBuilder.java"":1070 <-> ""./gson/src/main/java/com/google/gson/GsonBuilder.java"":1100 | gin.edit.statement.CopyStatement ""./gson/src/main/java/com/google/gson/GsonBuilder.java"":755 -> ""./gson/src/main/java/com/google/gson/GsonBuilder.java"":1035:1035 | gin.edit.statement.ReplaceStatement ""./gson/src/main/java/com/google/gson/GsonBuilder.java"":1100 -> ""./gson/src/main/java/com/google/gson/GsonBuilder.java"":1093 | gin.edit.statement.DeleteStatement ""./gson/src/main/java/com/google/gson/GsonBuilder.java"":1093 | gin.edit.statement.CopyStatement ""./gson/src/main/java/com/google/gson/GsonBuilder.java"":457 -> ""./gson/src/main/java/com/google/gson/GsonBuilder.java"":1035:1093 |","true","true","1382.7101","61.0","-1.0","61.330154"
"com.google.gson.GsonBuilder.com.google.gson.GsonBuilder.create()","| gin.edit.statement.DeleteStatement ""./gson/src/main/java/com/google/gson/GsonBuilder.java"":1036 |","true","false","1859.8215","1.7976931348623157E308","-1.7976931348623157E308","62.35809"
"com.google.gson.GsonBuilder.com.google.gson.GsonBuilder.create()","| gin.edit.statement.CopyStatement ""./gson/src/main/java/com/google/gson/GsonBuilder.java"":902 -> ""./gson/src/main/java/com/google/gson/GsonBuilder.java"":1035:1100 |","false","false","0.0","1.7976931348623157E308","-1.7976931348623157E308","0.0"
"com.google.gson.GsonBuilder.com.google.gson.GsonBuilder.create()","| gin.edit.statement.ReplaceStatement ""./gson/src/main/java/com/google/gson/GsonBuilder.java"":705 -> ""./gson/src/main/java/com/google/gson/GsonBuilder.java"":1107 |","false","false","0.0","1.7976931348623157E308","-1.7976931348623157E308","0.0"
"com.google.gson.GsonBuilder.com.google.gson.GsonBuilder.create()","| gin.edit.statement.CopyStatement ""./gson/src/main/java/com/google/gson/GsonBuilder.java"":469 -> ""./gson/src/main/java/com/google/gson/GsonBuilder.java"":1035:1093 |","false","false","0.0","1.7976931348623157E308","-1.7976931348623157E308","0.0"
"com.google.gson.GsonBuilder.com.google.gson.GsonBuilder.create()","| gin.edit.statement.ReplaceStatement ""./gson/src/main/java/com/google/gson/GsonBuilder.java"":680 -> ""./gson/src/main/java/com/google/gson/GsonBuilder.java"":1093 |","false","false","0.0","1.7976931348623157E308","-1.7976931348623157E308","0.0"
"com.google.gson.GsonBuilder.com.google.gson.GsonBuilder.create()","| gin.edit.statement.DeleteStatement ""./gson/src/main/java/com/google/gson/GsonBuilder.java"":1107 |","true","true","1318.6177","61.0","-1.0","61.350426"
"com.google.gson.GsonBuilder.com.google.gson.GsonBuilder.create()","| gin.edit.statement.ReplaceStatement ""./gson/src/main/java/com/google/gson/GsonBuilder.java"":1222 -> ""./gson/src/main/java/com/google/gson/GsonBuilder.java"":1036 |","false","false","0.0","1.7976931348623157E308","-1.7976931348623157E308","0.0"
"com.google.gson.GsonBuilder.com.google.gson.GsonBuilder.create()","| gin.edit.statement.SwapStatement ""./gson/src/main/java/com/google/gson/GsonBuilder.java"":1118 <-> ""./gson/src/main/java/com/google/gson/GsonBuilder.java"":1062 |","false","false","0.0","1.7976931348623157E308","-1.7976931348623157E308","0.0"
"com.google.gson.GsonBuilder.com.google.gson.GsonBuilder.create()","| gin.edit.statement.CopyStatement ""./gson/src/main/java/com/google/gson/GsonBuilder.java"":592 -> ""./gson/src/main/java/com/google/gson/GsonBuilder.java"":1035:1062 |","false","false","0.0","1.7976931348623157E308","-1.7976931348623157E308","0.0"
"com.google.gson.GsonBuilder.com.google.gson.GsonBuilder.create()","| gin.edit.statement.DeleteStatement ""./gson/src/main/java/com/google/gson/GsonBuilder.java"":1077 |","true","true","1245.8922","60.0","0.0","60.256763"
"com.google.gson.GsonBuilder.com.google.gson.GsonBuilder.create()","| gin.edit.statement.DeleteStatement ""./gson/src/main/java/com/google/gson/GsonBuilder.java"":1093 |","true","true","1241.0077","60.0","0.0","60.13081"
"com.google.gson.GsonBuilder.com.google.gson.GsonBuilder.create()","| gin.edit.statement.ReplaceStatement ""./gson/src/main/java/com/google/gson/GsonBuilder.java"":264 -> ""./gson/src/main/java/com/google/gson/GsonBuilder.java"":1036 |","false","false","0.0","1.7976931348623157E308","-1.7976931348623157E308","0.0"
"com.google.gson.GsonBuilder.com.google.gson.GsonBuilder.create()","| gin.edit.statement.CopyStatement ""./gson/src/main/java/com/google/gson/GsonBuilder.java"":1062 -> ""./gson/src/main/java/com/google/gson/GsonBuilder.java"":1035:1035 |","true","false","1833.6204","1.7976931348623157E308","-1.7976931348623157E308","59.103264"
"com.google.gson.GsonBuilder.com.google.gson.GsonBuilder.create()","| gin.edit.statement.DeleteStatement ""./gson/src/main/java/com/google/gson/GsonBuilder.java"":1107 |","true","true","1213.5433","59.0","1.0","59.474655"
"com.google.gson.GsonBuilder.com.google.gson.GsonBuilder.create()","| gin.edit.statement.ReplaceStatement ""./gson/src/main/java/com/google/gson/GsonBuilder.java"":469 -> ""./gson/src/main/java/com/google/gson/GsonBuilder.java"":1118 |","false","false","0.0","1.7976931348623157E308","-1.7976931348623157E308","0.0"
"com.google.gson.GsonBuilder.com.google.gson.GsonBuilder.create()","| gin.edit.statement.CopyStatement ""./gson/src/main/java/com/google/gson/GsonBuilder.java"":748 -> ""./gson/src/main/java/com/google/gson/GsonBuilder.java"":1035:1077 |","true","true","1245.1527","62.0","-2.0","62.985073"
"com.google.gson.GsonBuilder.com.google.gson.GsonBuilder.create()","| gin.edit.statement.CopyStatement ""./gson/src/main/java/com/google/gson/GsonBuilder.java"":1187 -> ""./gson/src/main/java/com/google/gson/GsonBuilder.java"":1035:1062 |","true","true","1305.4753","63.0","-3.0","63.82291"
"com.google.gson.GsonBuilder.com.google.gson.GsonBuilder.create()","| gin.edit.statement.CopyStatement ""./gson/src/main/java/com/google/gson/GsonBuilder.java"":365 -> ""./gson/src/main/java/com/google/gson/GsonBuilder.java"":1035:1035 |","false","false","0.0","1.7976931348623157E308","-1.7976931348623157E308","0.0"
"com.google.gson.GsonBuilder.com.google.gson.GsonBuilder.create()","| gin.edit.statement.CopyStatement ""./gson/src/main/java/com/google/gson/GsonBuilder.java"":941 -> ""./gson/src/main/java/com/google/gson/GsonBuilder.java"":1035:1036 |","false","false","0.0","1.7976931348623157E308","-1.7976931348623157E308","0.0"
"com.google.gson.GsonBuilder.com.google.gson.GsonBuilder.create()","| gin.edit.statement.SwapStatement ""./gson/src/main/java/com/google/gson/GsonBuilder.java"":1062 <-> ""./gson/src/main/java/com/google/gson/GsonBuilder.java"":1077 |","true","false","1262.2737","1.7976931348623157E308","-1.7976931348623157E308","60.98984"
"com.google.gson.GsonBuilder.com.google.gson.GsonBuilder.create()","| gin.edit.statement.SwapStatement ""./gson/src/main/java/com/google/gson/GsonBuilder.java"":1070 <-> ""./gson/src/main/java/com/google/gson/GsonBuilder.java"":1100 | gin.edit.statement.CopyStatement ""./gson/src/main/java/com/google/gson/GsonBuilder.java"":755 -> ""./gson/src/main/java/com/google/gson/GsonBuilder.java"":1035:1035 | gin.edit.statement.ReplaceStatement ""./gson/src/main/java/com/google/gson/GsonBuilder.java"":1100 -> ""./gson/src/main/java/com/google/gson/GsonBuilder.java"":1093 | gin.edit.statement.DeleteStatement ""./gson/src/main/java/com/google/gson/GsonBuilder.java"":1093 | gin.edit.statement.CopyStatement ""./gson/src/main/java/com/google/gson/GsonBuilder.java"":457 -> ""./gson/src/main/java/com/google/gson/GsonBuilder.java"":1035:1093 | gin.edit.statement.CopyStatement ""./gson/src/main/java/com/google/gson/GsonBuilder.java"":450 -> ""./gson/src/main/java/com/google/gson/GsonBuilder.java"":1035:1093 |","true","true","1210.3457","62.0","-2.0","62.525066"
"com.google.gson.GsonBuilder.com.google.gson.GsonBuilder.create()","| gin.edit.statement.CopyStatement ""./gson/src/main/java/com/google/gson/GsonBuilder.java"":402 -> ""./gson/src/main/java/com/google/gson/GsonBuilder.java"":1035:1118 |","false","false","0.0","1.7976931348623157E308","-1.7976931348623157E308","0.0"
"com.google.gson.GsonBuilder.com.google.gson.GsonBuilder.create()","| gin.edit.statement.DeleteStatement ""./gson/src/main/java/com/google/gson/GsonBuilder.java"":1036 |","true","false","1867.0378","1.7976931348623157E308","-1.7976931348623157E308","61.93511"
"com.google.gson.GsonBuilder.com.google.gson.GsonBuilder.create()","| gin.edit.statement.CopyStatement ""./gson/src/main/java/com/google/gson/GsonBuilder.java"":627 -> ""./gson/src/main/java/com/google/gson/GsonBuilder.java"":1035:1118 |","false","false","0.0","1.7976931348623157E308","-1.7976931348623157E308","0.0"
"com.google.gson.GsonBuilder.com.google.gson.GsonBuilder.create()","| gin.edit.statement.DeleteStatement ""./gson/src/main/java/com/google/gson/GsonBuilder.java"":1062 |","true","false","1447.041","1.7976931348623157E308","-1.7976931348623157E308","60.80572"
"com.google.gson.GsonBuilder.com.google.gson.GsonBuilder.create()","| gin.edit.statement.DeleteStatement ""./gson/src/main/java/com/google/gson/GsonBuilder.java"":1118 |","false","false","0.0","1.7976931348623157E308","-1.7976931348623157E308","0.0"
"com.google.gson.GsonBuilder.com.google.gson.GsonBuilder.create()","| gin.edit.statement.DeleteStatement ""./gson/src/main/java/com/google/gson/GsonBuilder.java"":1093 | gin.edit.statement.CopyStatement ""./gson/src/main/java/com/google/gson/GsonBuilder.java"":1284 -> ""./gson/src/main/java/com/google/gson/GsonBuilder.java"":1035:1077 |","false","false","0.0","1.7976931348623157E308","-1.7976931348623157E308","0.0"
"com.google.gson.GsonBuilder.com.google.gson.GsonBuilder.create()","| gin.edit.statement.SwapStatement ""./gson/src/main/java/com/google/gson/GsonBuilder.java"":1070 <-> ""./gson/src/main/java/com/google/gson/GsonBuilder.java"":1093 |","true","true","1228.0787","60.0","0.0","60.161697"
"com.google.gson.GsonBuilder.com.google.gson.GsonBuilder.create()","| gin.edit.statement.CopyStatement ""./gson/src/main/java/com/google/gson/GsonBuilder.java"":637 -> ""./gson/src/main/java/com/google/gson/GsonBuilder.java"":1035:1035 |","false","false","0.0","1.7976931348623157E308","-1.7976931348623157E308","0.0"
"com.google.gson.GsonBuilder.com.google.gson.GsonBuilder.create()","| gin.edit.statement.DeleteStatement ""./gson/src/main/java/com/google/gson/GsonBuilder.java"":1070 |","true","false","1238.8154","1.7976931348623157E308","-1.7976931348623157E308","59.736633"
"com.google.gson.GsonBuilder.com.google.gson.GsonBuilder.create()","| gin.edit.statement.DeleteStatement ""./gson/src/main/java/com/google/gson/GsonBuilder.java"":1070 |","true","false","1521.7765","1.7976931348623157E308","-1.7976931348623157E308","60.338215"
"com.google.gson.GsonBuilder.com.google.gson.GsonBuilder.create()","| gin.edit.statement.DeleteStatement ""./gson/src/main/java/com/google/gson/GsonBuilder.java"":1070 |","true","false","1252.7622","1.7976931348623157E308","-1.7976931348623157E308","59.525105"
"com.google.gson.GsonBuilder.com.google.gson.GsonBuilder.create()","| gin.edit.statement.DeleteStatement ""./gson/src/main/java/com/google/gson/GsonBuilder.java"":1118 |","false","false","0.0","1.7976931348623157E308","-1.7976931348623157E308","0.0"
"com.google.gson.GsonBuilder.com.google.gson.GsonBuilder.create()","| gin.edit.statement.ReplaceStatement ""./gson/src/main/java/com/google/gson/GsonBuilder.java"":518 -> ""./gson/src/main/java/com/google/gson/GsonBuilder.java"":1036 |","false","false","0.0","1.7976931348623157E308","-1.7976931348623157E308","0.0"
"com.google.gson.GsonBuilder.com.google.gson.GsonBuilder.create()","| gin.edit.statement.DeleteStatement ""./gson/src/main/java/com/google/gson/GsonBuilder.java"":1077 |","true","true","1233.5729","62.0","-2.0","62.948956"
"com.google.gson.GsonBuilder.com.google.gson.GsonBuilder.create()","| gin.edit.statement.CopyStatement ""./gson/src/main/java/com/google/gson/GsonBuilder.java"":509 -> ""./gson/src/main/java/com/google/gson/GsonBuilder.java"":1035:1062 |","false","false","0.0","1.7976931348623157E308","-1.7976931348623157E308","0.0"
"com.google.gson.GsonBuilder.com.google.gson.GsonBuilder.create()","| gin.edit.statement.SwapStatement ""./gson/src/main/java/com/google/gson/GsonBuilder.java"":1118 <-> ""./gson/src/main/java/com/google/gson/GsonBuilder.java"":1077 |","false","false","0.0","1.7976931348623157E308","-1.7976931348623157E308","0.0"
"com.google.gson.GsonBuilder.com.google.gson.GsonBuilder.create()","| gin.edit.statement.DeleteStatement ""./gson/src/main/java/com/google/gson/GsonBuilder.java"":1107 | gin.edit.statement.ReplaceStatement ""./gson/src/main/java/com/google/gson/GsonBuilder.java"":1016 -> ""./gson/src/main/java/com/google/gson/GsonBuilder.java"":1107 |","true","true","1235.5107","62.0","-2.0","62.242058"
"com.google.gson.GsonBuilder.com.google.gson.GsonBuilder.create()","| gin.edit.statement.CopyStatement ""./gson/src/main/java/com/google/gson/GsonBuilder.java"":627 -> ""./gson/src/main/java/com/google/gson/GsonBuilder.java"":1035:1070 |","false","false","0.0","1.7976931348623157E308","-1.7976931348623157E308","0.0"
"com.google.gson.GsonBuilder.com.google.gson.GsonBuilder.create()","| gin.edit.statement.CopyStatement ""./gson/src/main/java/com/google/gson/GsonBuilder.java"":1353 -> ""./gson/src/main/java/com/google/gson/GsonBuilder.java"":1035:1035 |","false","false","0.0","1.7976931348623157E308","-1.7976931348623157E308","0.0"
"com.google.gson.GsonBuilder.com.google.gson.GsonBuilder.create()","| gin.edit.statement.DeleteStatement ""./gson/src/main/java/com/google/gson/GsonBuilder.java"":1107 | gin.edit.statement.DeleteStatement ""./gson/src/main/java/com/google/gson/GsonBuilder.java"":1070 |","true","false","1226.6447","1.7976931348623157E308","-1.7976931348623157E308","62.35707"
"com.google.gson.GsonBuilder.com.google.gson.GsonBuilder.create()","| gin.edit.statement.CopyStatement ""./gson/src/main/java/com/google/gson/GsonBuilder.java"":1187 -> ""./gson/src/main/java/com/google/gson/GsonBuilder.java"":1035:1062 | gin.edit.statement.ReplaceStatement ""./gson/src/main/java/com/google/gson/GsonBuilder.java"":748 -> ""./gson/src/main/java/com/google/gson/GsonBuilder.java"":1036 |","true","false","1852.2632","1.7976931348623157E308","-1.7976931348623157E308","62.09616"
"com.google.gson.GsonBuilder.com.google.gson.GsonBuilder.create()","| gin.edit.statement.DeleteStatement ""./gson/src/main/java/com/google/gson/GsonBuilder.java"":1036 |","true","false","1849.3049","1.7976931348623157E308","-1.7976931348623157E308","62.0666"
"com.google.gson.GsonBuilder.com.google.gson.GsonBuilder.create()","| gin.edit.statement.SwapStatement ""./gson/src/main/java/com/google/gson/GsonBuilder.java"":1118 <-> ""./gson/src/main/java/com/google/gson/GsonBuilder.java"":1100 |","false","false","0.0","1.7976931348623157E308","-1.7976931348623157E308","0.0"
"com.google.gson.GsonBuilder.com.google.gson.GsonBuilder.create()","| gin.edit.statement.DeleteStatement ""./gson/src/main/java/com/google/gson/GsonBuilder.java"":1093 |","true","true","1241.1139","60.0","0.0","60.69659"
"com.google.gson.GsonBuilder.com.google.gson.GsonBuilder.create()","| gin.edit.statement.DeleteStatement ""./gson/src/main/java/com/google/gson/GsonBuilder.java"":1035 |","false","false","0.0","1.7976931348623157E308","-1.7976931348623157E308","0.0"
"com.google.gson.GsonBuilder.com.google.gson.GsonBuilder.create()","| gin.edit.statement.ReplaceStatement ""./gson/src/main/java/com/google/gson/GsonBuilder.java"":1077 -> ""./gson/src/main/java/com/google/gson/GsonBuilder.java"":1107 |","false","false","0.0","1.7976931348623157E308","-1.7976931348623157E308","0.0"
"com.google.gson.GsonBuilder.com.google.gson.GsonBuilder.create()","| gin.edit.statement.CopyStatement ""./gson/src/main/java/com/google/gson/GsonBuilder.java"":940 -> ""./gson/src/main/java/com/google/gson/GsonBuilder.java"":1035:1093 |","false","false","0.0","1.7976931348623157E308","-1.7976931348623157E308","0.0"
"com.google.gson.GsonBuilder.com.google.gson.GsonBuilder.create()","| gin.edit.statement.SwapStatement ""./gson/src/main/java/com/google/gson/GsonBuilder.java"":1077 <-> ""./gson/src/main/java/com/google/gson/GsonBuilder.java"":1035 |","false","false","0.0","1.7976931348623157E308","-1.7976931348623157E308","0.0"
"com.google.gson.GsonBuilder.com.google.gson.GsonBuilder.create()","| gin.edit.statement.CopyStatement ""./gson/src/main/java/com/google/gson/GsonBuilder.java"":638 -> ""./gson/src/main/java/com/google/gson/GsonBuilder.java"":1035:1093 |","false","false","0.0","1.7976931348623157E308","-1.7976931348623157E308","0.0"
"com.google.gson.GsonBuilder.com.google.gson.GsonBuilder.create()","| gin.edit.statement.ReplaceStatement ""./gson/src/main/java/com/google/gson/GsonBuilder.java"":715 -> ""./gson/src/main/java/com/google/gson/GsonBuilder.java"":1036 |","false","false","0.0","1.7976931348623157E308","-1.7976931348623157E308","0.0"
"com.google.gson.GsonBuilder.com.google.gson.GsonBuilder.create()","| gin.edit.statement.CopyStatement ""./gson/src/main/java/com/google/gson/GsonBuilder.java"":874 -> ""./gson/src/main/java/com/google/gson/GsonBuilder.java"":1035:1107 |","false","false","0.0","1.7976931348623157E308","-1.7976931348623157E308","0.0"
"com.google.gson.GsonBuilder.com.google.gson.GsonBuilder.create()","| gin.edit.statement.SwapStatement ""./gson/src/main/java/com/google/gson/GsonBuilder.java"":1035 <-> ""./gson/src/main/java/com/google/gson/GsonBuilder.java"":1070 |","false","false","0.0","1.7976931348623157E308","-1.7976931348623157E308","0.0"
"com.google.gson.GsonBuilder.com.google.gson.GsonBuilder.create()","| gin.edit.statement.SwapStatement ""./gson/src/main/java/com/google/gson/GsonBuilder.java"":1093 <-> ""./gson/src/main/java/com/google/gson/GsonBuilder.java"":1093 |","true","true","1208.3811","59.0","1.0","59.518864"
"com.google.gson.GsonBuilder.com.google.gson.GsonBuilder.create()","| gin.edit.statement.SwapStatement ""./gson/src/main/java/com/google/gson/GsonBuilder.java"":1070 <-> ""./gson/src/main/java/com/google/gson/GsonBuilder.java"":1093 | gin.edit.statement.DeleteStatement ""./gson/src/main/java/com/google/gson/GsonBuilder.java"":1107 |","true","true","1210.3679","59.0","1.0","59.90622"
"com.google.gson.GsonBuilder.com.google.gson.GsonBuilder.create()","| gin.edit.statement.CopyStatement ""./gson/src/main/java/com/google/gson/GsonBuilder.java"":1077 -> ""./gson/src/main/java/com/google/gson/GsonBuilder.java"":1035:1093 |","false","false","0.0","1.7976931348623157E308","-1.7976931348623157E308","0.0"
"com.google.gson.GsonBuilder.com.google.gson.GsonBuilder.create()","| gin.edit.statement.ReplaceStatement ""./gson/src/main/java/com/google/gson/GsonBuilder.java"":681 -> ""./gson/src/main/java/com/google/gson/GsonBuilder.java"":1070 |","true","false","1214.3942","1.7976931348623157E308","-1.7976931348623157E308","58.953472"
"com.google.gson.GsonBuilder.com.google.gson.GsonBuilder.create()","| gin.edit.statement.ReplaceStatement ""./gson/src/main/java/com/google/gson/GsonBuilder.java"":528 -> ""./gson/src/main/java/com/google/gson/GsonBuilder.java"":1107 |","false","false","0.0","1.7976931348623157E308","-1.7976931348623157E308","0.0"
"com.google.gson.GsonBuilder.com.google.gson.GsonBuilder.create()","| gin.edit.statement.SwapStatement ""./gson/src/main/java/com/google/gson/GsonBuilder.java"":1100 <-> ""./gson/src/main/java/com/google/gson/GsonBuilder.java"":1077 |","true","true","1232.4839","58.0","2.0","58.482677"
"com.google.gson.GsonBuilder.com.google.gson.GsonBuilder.create()","| gin.edit.statement.SwapStatement ""./gson/src/main/java/com/google/gson/GsonBuilder.java"":1070 <-> ""./gson/src/main/java/com/google/gson/GsonBuilder.java"":1107 |","true","true","1216.533","61.0","-1.0","61.470734"
"com.google.gson.GsonBuilder.com.google.gson.GsonBuilder.create()","| gin.edit.statement.SwapStatement ""./gson/src/main/java/com/google/gson/GsonBuilder.java"":1107 <-> ""./gson/src/main/java/com/google/gson/GsonBuilder.java"":1062 |","true","false","1448.8967","1.7976931348623157E308","-1.7976931348623157E308","61.08368"
"com.google.gson.GsonBuilder.com.google.gson.GsonBuilder.create()","| gin.edit.statement.SwapStatement ""./gson/src/main/java/com/google/gson/GsonBuilder.java"":1093 <-> ""./gson/src/main/java/com/google/gson/GsonBuilder.java"":1107 |","true","true","1341.2272","60.0","0.0","60.879944"
"com.google.gson.GsonBuilder.com.google.gson.GsonBuilder.create()","| gin.edit.statement.DeleteStatement ""./gson/src/main/java/com/google/gson/GsonBuilder.java"":1107 | gin.edit.statement.ReplaceStatement ""./gson/src/main/java/com/google/gson/GsonBuilder.java"":1016 -> ""./gson/src/main/java/com/google/gson/GsonBuilder.java"":1107 | gin.edit.statement.SwapStatement ""./gson/src/main/java/com/google/gson/GsonBuilder.java"":1100 <-> ""./gson/src/main/java/com/google/gson/GsonBuilder.java"":1107 |","true","true","1359.4121","62.0","-2.0","62.731853"
"com.google.gson.GsonBuilder.com.google.gson.GsonBuilder.create()","| gin.edit.statement.DeleteStatement ""./gson/src/main/java/com/google/gson/GsonBuilder.java"":1036 |","true","false","1858.4153","1.7976931348623157E308","-1.7976931348623157E308","62.293175"
"com.google.gson.GsonBuilder.com.google.gson.GsonBuilder.create()","| gin.edit.statement.SwapStatement ""./gson/src/main/java/com/google/gson/GsonBuilder.java"":1093 <-> ""./gson/src/main/java/com/google/gson/GsonBuilder.java"":1093 | gin.edit.statement.DeleteStatement ""./gson/src/main/java/com/google/gson/GsonBuilder.java"":1100 |","true","false","1233.8651","1.7976931348623157E308","-1.7976931348623157E308","60.759052"
"com.google.gson.GsonBuilder.com.google.gson.GsonBuilder.create()","| gin.edit.statement.SwapStatement ""./gson/src/main/java/com/google/gson/GsonBuilder.java"":1093 <-> ""./gson/src/main/java/com/google/gson/GsonBuilder.java"":1093 | gin.edit.statement.CopyStatement ""./gson/src/main/java/com/google/gson/GsonBuilder.java"":592 -> ""./gson/src/main/java/com/google/gson/GsonBuilder.java"":1035:1107 |","false","false","0.0","1.7976931348623157E308","-1.7976931348623157E308","0.0"
"com.google.gson.GsonBuilder.com.google.gson.GsonBuilder.create()","| gin.edit.statement.SwapStatement ""./gson/src/main/java/com/google/gson/GsonBuilder.java"":1093 <-> ""./gson/src/main/java/com/google/gson/GsonBuilder.java"":1093 | gin.edit.statement.SwapStatement ""./gson/src/main/java/com/google/gson/GsonBuilder.java"":1035 <-> ""./gson/src/main/java/com/google/gson/GsonBuilder.java"":1035 |","true","true","1224.2872","59.0","1.0","59.51975"
"com.google.gson.GsonBuilder.com.google.gson.GsonBuilder.create()","| gin.edit.statement.SwapStatement ""./gson/src/main/java/com/google/gson/GsonBuilder.java"":1093 <-> ""./gson/src/main/java/com/google/gson/GsonBuilder.java"":1093 | gin.edit.statement.CopyStatement ""./gson/src/main/java/com/google/gson/GsonBuilder.java"":265 -> ""./gson/src/main/java/com/google/gson/GsonBuilder.java"":1035:1035 |","false","false","0.0","1.7976931348623157E308","-1.7976931348623157E308","0.0"
"com.google.gson.GsonBuilder.com.google.gson.GsonBuilder.create()","| gin.edit.statement.SwapStatement ""./gson/src/main/java/com/google/gson/GsonBuilder.java"":1070 <-> ""./gson/src/main/java/com/google/gson/GsonBuilder.java"":1093 | gin.edit.statement.DeleteStatement ""./gson/src/main/java/com/google/gson/GsonBuilder.java"":1107 | gin.edit.statement.CopyStatement ""./gson/src/main/java/com/google/gson/GsonBuilder.java"":1070 -> ""./gson/src/main/java/com/google/gson/GsonBuilder.java"":1035:1093 |","true","true","1240.6921","59.0","1.0","59.52055"
"com.google.gson.GsonBuilder.com.google.gson.GsonBuilder.create()","| gin.edit.statement.SwapStatement ""./gson/src/main/java/com/google/gson/GsonBuilder.java"":1093 <-> ""./gson/src/main/java/com/google/gson/GsonBuilder.java"":1093 | gin.edit.statement.SwapStatement ""./gson/src/main/java/com/google/gson/GsonBuilder.java"":1070 <-> ""./gson/src/main/java/com/google/gson/GsonBuilder.java"":1093 | gin.edit.statement.DeleteStatement ""./gson/src/main/java/com/google/gson/GsonBuilder.java"":1036 |","true","false","1864.2478","1.7976931348623157E308","-1.7976931348623157E308","60.423893"
"com.google.gson.GsonBuilder.com.google.gson.GsonBuilder.create()","| gin.edit.statement.SwapStatement ""./gson/src/main/java/com/google/gson/GsonBuilder.java"":1070 <-> ""./gson/src/main/java/com/google/gson/GsonBuilder.java"":1093 | gin.edit.statement.SwapStatement ""./gson/src/main/java/com/google/gson/GsonBuilder.java"":1093 <-> ""./gson/src/main/java/com/google/gson/GsonBuilder.java"":1093 | gin.edit.statement.SwapStatement ""./gson/src/main/java/com/google/gson/GsonBuilder.java"":1035 <-> ""./gson/src/main/java/com/google/gson/GsonBuilder.java"":1062 |","false","false","0.0","1.7976931348623157E308","-1.7976931348623157E308","0.0"
"com.google.gson.GsonBuilder.com.google.gson.GsonBuilder.create()","| gin.edit.statement.CopyStatement ""./gson/src/main/java/com/google/gson/GsonBuilder.java"":484 -> ""./gson/src/main/java/com/google/gson/GsonBuilder.java"":1035:1100 |","false","false","0.0","1.7976931348623157E308","-1.7976931348623157E308","0.0"
"com.google.gson.GsonBuilder.com.google.gson.GsonBuilder.create()","| gin.edit.statement.SwapStatement ""./gson/src/main/java/com/google/gson/GsonBuilder.java"":1100 <-> ""./gson/src/main/java/com/google/gson/GsonBuilder.java"":1077 | gin.edit.statement.DeleteStatement ""./gson/src/main/java/com/google/gson/GsonBuilder.java"":1036 |","true","false","1853.0509","1.7976931348623157E308","-1.7976931348623157E308","59.09476"
"com.google.gson.GsonBuilder.com.google.gson.GsonBuilder.create()","| gin.edit.statement.ReplaceStatement ""./gson/src/main/java/com/google/gson/GsonBuilder.java"":383 -> ""./gson/src/main/java/com/google/gson/GsonBuilder.java"":1100 |","false","false","0.0","1.7976931348623157E308","-1.7976931348623157E308","0.0"
"com.google.gson.GsonBuilder.com.google.gson.GsonBuilder.create()","| gin.edit.statement.SwapStatement ""./gson/src/main/java/com/google/gson/GsonBuilder.java"":1107 <-> ""./gson/src/main/java/com/google/gson/GsonBuilder.java"":1062 |","true","false","1213.3856","1.7976931348623157E308","-1.7976931348623157E308","59.044437"
"com.google.gson.GsonBuilder.com.google.gson.GsonBuilder.create()","| gin.edit.statement.SwapStatement ""./gson/src/main/java/com/google/gson/GsonBuilder.java"":1070 <-> ""./gson/src/main/java/com/google/gson/GsonBuilder.java"":1093 | gin.edit.statement.DeleteStatement ""./gson/src/main/java/com/google/gson/GsonBuilder.java"":1107 | gin.edit.statement.SwapStatement ""./gson/src/main/java/com/google/gson/GsonBuilder.java"":1036 <-> ""./gson/src/main/java/com/google/gson/GsonBuilder.java"":1070 |","true","true","1211.8932","62.0","-2.0","62.383"
"com.google.gson.GsonBuilder.com.google.gson.GsonBuilder.create()","| gin.edit.statement.CopyStatement ""./gson/src/main/java/com/google/gson/GsonBuilder.java"":740 -> ""./gson/src/main/java/com/google/gson/GsonBuilder.java"":1035:1107 |","false","false","0.0","1.7976931348623157E308","-1.7976931348623157E308","0.0"
"com.google.gson.GsonBuilder.com.google.gson.GsonBuilder.create()","| gin.edit.statement.SwapStatement ""./gson/src/main/java/com/google/gson/GsonBuilder.java"":1070 <-> ""./gson/src/main/java/com/google/gson/GsonBuilder.java"":1093 | gin.edit.statement.DeleteStatement ""./gson/src/main/java/com/google/gson/GsonBuilder.java"":1093 |","true","true","1213.7749","62.0","-2.0","62.34493"
"com.google.gson.GsonBuilder.com.google.gson.GsonBuilder.create()","| gin.edit.statement.DeleteStatement ""./gson/src/main/java/com/google/gson/GsonBuilder.java"":1107 | gin.edit.statement.SwapStatement ""./gson/src/main/java/com/google/gson/GsonBuilder.java"":1077 <-> ""./gson/src/main/java/com/google/gson/GsonBuilder.java"":1036 |","true","false","1468.3143","1.7976931348623157E308","-1.7976931348623157E308","62.03403"
"com.google.gson.GsonBuilder.com.google.gson.GsonBuilder.create()","| gin.edit.statement.SwapStatement ""./gson/src/main/java/com/google/gson/GsonBuilder.java"":1100 <-> ""./gson/src/main/java/com/google/gson/GsonBuilder.java"":1077 | gin.edit.statement.SwapStatement ""./gson/src/main/java/com/google/gson/GsonBuilder.java"":1035 <-> ""./gson/src/main/java/com/google/gson/GsonBuilder.java"":1035 |","true","true","1361.4382","62.0","-2.0","62.079697"
"com.google.gson.GsonBuilder.com.google.gson.GsonBuilder.create()","| gin.edit.statement.SwapStatement ""./gson/src/main/java/com/google/gson/GsonBuilder.java"":1070 <-> ""./gson/src/main/java/com/google/gson/GsonBuilder.java"":1093 | gin.edit.statement.DeleteStatement ""./gson/src/main/java/com/google/gson/GsonBuilder.java"":1107 | gin.edit.statement.DeleteStatement ""./gson/src/main/java/com/google/gson/GsonBuilder.java"":1118 |","false","false","0.0","1.7976931348623157E308","-1.7976931348623157E308","0.0"
"com.google.gson.GsonBuilder.com.google.gson.GsonBuilder.create()","| gin.edit.statement.SwapStatement ""./gson/src/main/java/com/google/gson/GsonBuilder.java"":1070 <-> ""./gson/src/main/java/com/google/gson/GsonBuilder.java"":1093 | gin.edit.statement.CopyStatement ""./gson/src/main/java/com/google/gson/GsonBuilder.java"":463 -> ""./gson/src/main/java/com/google/gson/GsonBuilder.java"":1035:1100 |","false","false","0.0","1.7976931348623157E308","-1.7976931348623157E308","0.0"
"com.google.gson.GsonBuilder.com.google.gson.GsonBuilder.create()","| gin.edit.statement.SwapStatement ""./gson/src/main/java/com/google/gson/GsonBuilder.java"":1100 <-> ""./gson/src/main/java/com/google/gson/GsonBuilder.java"":1077 | gin.edit.statement.DeleteStatement ""./gson/src/main/java/com/google/gson/GsonBuilder.java"":1100 |","true","true","1230.2386","60.0","0.0","60.6839"
"com.google.gson.GsonBuilder.com.google.gson.GsonBuilder.create()","| gin.edit.statement.DeleteStatement ""./gson/src/main/java/com/google/gson/GsonBuilder.java"":1107 | gin.edit.statement.ReplaceStatement ""./gson/src/main/java/com/google/gson/GsonBuilder.java"":1016 -> ""./gson/src/main/java/com/google/gson/GsonBuilder.java"":1107 | gin.edit.statement.SwapStatement ""./gson/src/main/java/com/google/gson/GsonBuilder.java"":1100 <-> ""./gson/src/main/java/com/google/gson/GsonBuilder.java"":1107 | gin.edit.statement.DeleteStatement ""./gson/src/main/java/com/google/gson/GsonBuilder.java"":1070 |","true","false","1216.5938","1.7976931348623157E308","-1.7976931348623157E308","60.749664"
"com.google.gson.GsonBuilder.com.google.gson.GsonBuilder.create()","| gin.edit.statement.DeleteStatement ""./gson/src/main/java/com/google/gson/GsonBuilder.java"":1077 |","true","true","1231.5802","59.0","1.0","59.637398"
"com.google.gson.GsonBuilder.com.google.gson.GsonBuilder.create()","| gin.edit.statement.SwapStatement ""./gson/src/main/java/com/google/gson/GsonBuilder.java"":1093 <-> ""./gson/src/main/java/com/google/gson/GsonBuilder.java"":1093 | gin.edit.statement.SwapStatement ""./gson/src/main/java/com/google/gson/GsonBuilder.java"":1035 <-> ""./gson/src/main/java/com/google/gson/GsonBuilder.java"":1035 | gin.edit.statement.ReplaceStatement ""./gson/src/main/java/com/google/gson/GsonBuilder.java"":813 -> ""./gson/src/main/java/com/google/gson/GsonBuilder.java"":1036 |","false","false","0.0","1.7976931348623157E308","-1.7976931348623157E308","0.0"
"com.google.gson.GsonBuilder.com.google.gson.GsonBuilder.create()","| gin.edit.statement.SwapStatement ""./gson/src/main/java/com/google/gson/GsonBuilder.java"":1093 <-> ""./gson/src/main/java/com/google/gson/GsonBuilder.java"":1093 | gin.edit.statement.CopyStatement ""./gson/src/main/java/com/google/gson/GsonBuilder.java"":662 -> ""./gson/src/main/java/com/google/gson/GsonBuilder.java"":1035:1100 |","false","false","0.0","1.7976931348623157E308","-1.7976931348623157E308","0.0"
"com.google.gson.GsonBuilder.com.google.gson.GsonBuilder.create()","| gin.edit.statement.SwapStatement ""./gson/src/main/java/com/google/gson/GsonBuilder.java"":1093 <-> ""./gson/src/main/java/com/google/gson/GsonBuilder.java"":1093 | gin.edit.statement.SwapStatement ""./gson/src/main/java/com/google/gson/GsonBuilder.java"":1035 <-> ""./gson/src/main/java/com/google/gson/GsonBuilder.java"":1035 | gin.edit.statement.DeleteStatement ""./gson/src/main/java/com/google/gson/GsonBuilder.java"":1070 |","true","false","1221.8502","1.7976931348623157E308","-1.7976931348623157E308","58.440548"
"com.google.gson.GsonBuilder.com.google.gson.GsonBuilder.create()","| gin.edit.statement.SwapStatement ""./gson/src/main/java/com/google/gson/GsonBuilder.java"":1070 <-> ""./gson/src/main/java/com/google/gson/GsonBuilder.java"":1093 | gin.edit.statement.DeleteStatement ""./gson/src/main/java/com/google/gson/GsonBuilder.java"":1107 | gin.edit.statement.CopyStatement ""./gson/src/main/java/com/google/gson/GsonBuilder.java"":1070 -> ""./gson/src/main/java/com/google/gson/GsonBuilder.java"":1035:1093 | gin.edit.statement.CopyStatement ""./gson/src/main/java/com/google/gson/GsonBuilder.java"":662 -> ""./gson/src/main/java/com/google/gson/GsonBuilder.java"":1035:1100 |","false","false","0.0","1.7976931348623157E308","-1.7976931348623157E308","0.0"
"com.google.gson.GsonBuilder.com.google.gson.GsonBuilder.create()","| gin.edit.statement.DeleteStatement ""./gson/src/main/java/com/google/gson/GsonBuilder.java"":1100 |","true","false","1207.6202","1.7976931348623157E308","-1.7976931348623157E308","58.21856"
"com.google.gson.GsonBuilder.com.google.gson.GsonBuilder.create()","| gin.edit.statement.SwapStatement ""./gson/src/main/java/com/google/gson/GsonBuilder.java"":1070 <-> ""./gson/src/main/java/com/google/gson/GsonBuilder.java"":1093 | gin.edit.statement.SwapStatement ""./gson/src/main/java/com/google/gson/GsonBuilder.java"":1093 <-> ""./gson/src/main/java/com/google/gson/GsonBuilder.java"":1035 |","true","true","1200.689","59.0","1.0","59.850063"
"com.google.gson.GsonBuilder.com.google.gson.GsonBuilder.create()","| gin.edit.statement.DeleteStatement ""./gson/src/main/java/com/google/gson/GsonBuilder.java"":1107 | gin.edit.statement.CopyStatement ""./gson/src/main/java/com/google/gson/GsonBuilder.java"":1070 -> ""./gson/src/main/java/com/google/gson/GsonBuilder.java"":1035:1093 | gin.edit.statement.ReplaceStatement ""./gson/src/main/java/com/google/gson/GsonBuilder.java"":565 -> ""./gson/src/main/java/com/google/gson/GsonBuilder.java"":1107 |","true","false","1277.5361","1.7976931348623157E308","-1.7976931348623157E308","62.374462"
"com.google.gson.GsonBuilder.com.google.gson.GsonBuilder.create()","| gin.edit.statement.SwapStatement ""./gson/src/main/java/com/google/gson/GsonBuilder.java"":1093 <-> ""./gson/src/main/java/com/google/gson/GsonBuilder.java"":1093 | gin.edit.statement.SwapStatement ""./gson/src/main/java/com/google/gson/GsonBuilder.java"":1035 <-> ""./gson/src/main/java/com/google/gson/GsonBuilder.java"":1035 | gin.edit.statement.ReplaceStatement ""./gson/src/main/java/com/google/gson/GsonBuilder.java"":902 -> ""./gson/src/main/java/com/google/gson/GsonBuilder.java"":1062 |","false","false","0.0","1.7976931348623157E308","-1.7976931348623157E308","0.0"
"com.google.gson.GsonBuilder.com.google.gson.GsonBuilder.create()","| gin.edit.statement.SwapStatement ""./gson/src/main/java/com/google/gson/GsonBuilder.java"":1070 <-> ""./gson/src/main/java/com/google/gson/GsonBuilder.java"":1093 | gin.edit.statement.DeleteStatement ""./gson/src/main/java/com/google/gson/GsonBuilder.java"":1107 | gin.edit.statement.CopyStatement ""./gson/src/main/java/com/google/gson/GsonBuilder.java"":1070 -> ""./gson/src/main/java/com/google/gson/GsonBuilder.java"":1035:1093 | gin.edit.statement.ReplaceStatement ""./gson/src/main/java/com/google/gson/GsonBuilder.java"":510 -> ""./gson/src/main/java/com/google/gson/GsonBuilder.java"":1093 |","true","true","1245.9105","61.0","-1.0","61.66357"
"com.google.gson.GsonBuilder.com.google.gson.GsonBuilder.create()","| gin.edit.statement.SwapStatement ""./gson/src/main/java/com/google/gson/GsonBuilder.java"":1093 <-> ""./gson/src/main/java/com/google/gson/GsonBuilder.java"":1093 | gin.edit.statement.SwapStatement ""./gson/src/main/java/com/google/gson/GsonBuilder.java"":1035 <-> ""./gson/src/main/java/com/google/gson/GsonBuilder.java"":1035 | gin.edit.statement.DeleteStatement ""./gson/src/main/java/com/google/gson/GsonBuilder.java"":1107 | gin.edit.statement.CopyStatement ""./gson/src/main/java/com/google/gson/GsonBuilder.java"":1107 -> ""./gson/src/main/java/com/google/gson/GsonBuilder.java"":1035:1062 |","true","true","1239.7445","61.0","-1.0","61.833065"
"com.google.gson.GsonBuilder.com.google.gson.GsonBuilder.create()","| gin.edit.statement.DeleteStatement ""./gson/src/main/java/com/google/gson/GsonBuilder.java"":1107 | gin.edit.statement.SwapStatement ""./gson/src/main/java/com/google/gson/GsonBuilder.java"":1035 <-> ""./gson/src/main/java/com/google/gson/GsonBuilder.java"":1035 | gin.edit.statement.SwapStatement ""./gson/src/main/java/com/google/gson/GsonBuilder.java"":1093 <-> ""./gson/src/main/java/com/google/gson/GsonBuilder.java"":1035 |","false","false","0.0","1.7976931348623157E308","-1.7976931348623157E308","0.0"
"com.google.gson.GsonBuilder.com.google.gson.GsonBuilder.create()","| gin.edit.statement.ReplaceStatement ""./gson/src/main/java/com/google/gson/GsonBuilder.java"":650 -> ""./gson/src/main/java/com/google/gson/GsonBuilder.java"":1118 |","false","false","0.0","1.7976931348623157E308","-1.7976931348623157E308","0.0"
"com.google.gson.GsonBuilder.com.google.gson.GsonBuilder.create()","| gin.edit.statement.SwapStatement ""./gson/src/main/java/com/google/gson/GsonBuilder.java"":1070 <-> ""./gson/src/main/java/com/google/gson/GsonBuilder.java"":1093 | gin.edit.statement.DeleteStatement ""./gson/src/main/java/com/google/gson/GsonBuilder.java"":1107 | gin.edit.statement.CopyStatement ""./gson/src/main/java/com/google/gson/GsonBuilder.java"":1070 -> ""./gson/src/main/java/com/google/gson/GsonBuilder.java"":1035:1093 | gin.edit.statement.DeleteStatement ""./gson/src/main/java/com/google/gson/GsonBuilder.java"":1093 |","true","true","1208.2461","60.0","0.0","60.47752"
"com.google.gson.GsonBuilder.com.google.gson.GsonBuilder.create()","| gin.edit.statement.DeleteStatement ""./gson/src/main/java/com/google/gson/GsonBuilder.java"":1107 | gin.edit.statement.CopyStatement ""./gson/src/main/java/com/google/gson/GsonBuilder.java"":662 -> ""./gson/src/main/java/com/google/gson/GsonBuilder.java"":1035:1077 |","false","false","0.0","1.7976931348623157E308","-1.7976931348623157E308","0.0"
"com.google.gson.GsonBuilder.com.google.gson.GsonBuilder.create()","| gin.edit.statement.SwapStatement ""./gson/src/main/java/com/google/gson/GsonBuilder.java"":1070 <-> ""./gson/src/main/java/com/google/gson/GsonBuilder.java"":1093 | gin.edit.statement.DeleteStatement ""./gson/src/main/java/com/google/gson/GsonBuilder.java"":1107 | gin.edit.statement.CopyStatement ""./gson/src/main/java/com/google/gson/GsonBuilder.java"":1070 -> ""./gson/src/main/java/com/google/gson/GsonBuilder.java"":1035:1093 | gin.edit.statement.ReplaceStatement ""./gson/src/main/java/com/google/gson/GsonBuilder.java"":302 -> ""./gson/src/main/java/com/google/gson/GsonBuilder.java"":1036 |","false","false","0.0","1.7976931348623157E308","-1.7976931348623157E308","0.0"
"com.google.gson.GsonBuilder.com.google.gson.GsonBuilder.create()","| gin.edit.statement.SwapStatement ""./gson/src/main/java/com/google/gson/GsonBuilder.java"":1070 <-> ""./gson/src/main/java/com/google/gson/GsonBuilder.java"":1093 | gin.edit.statement.DeleteStatement ""./gson/src/main/java/com/google/gson/GsonBuilder.java"":1107 | gin.edit.statement.CopyStatement ""./gson/src/main/java/com/google/gson/GsonBuilder.java"":1070 -> ""./gson/src/main/java/com/google/gson/GsonBuilder.java"":1035:1093 | gin.edit.statement.CopyStatement ""./gson/src/main/java/com/google/gson/GsonBuilder.java"":813 -> ""./gson/src/main/java/com/google/gson/GsonBuilder.java"":1035:1036 |","false","false","0.0","1.7976931348623157E308","-1.7976931348623157E308","0.0"
"com.google.gson.GsonBuilder.com.google.gson.GsonBuilder.create()","| gin.edit.statement.ReplaceStatement ""./gson/src/main/java/com/google/gson/GsonBuilder.java"":1222 -> ""./gson/src/main/java/com/google/gson/GsonBuilder.java"":1062 |","false","false","0.0","1.7976931348623157E308","-1.7976931348623157E308","0.0"
"com.google.gson.GsonBuilder.com.google.gson.GsonBuilder.create()","| gin.edit.statement.DeleteStatement ""./gson/src/main/java/com/google/gson/GsonBuilder.java"":1107 | gin.edit.statement.CopyStatement ""./gson/src/main/java/com/google/gson/GsonBuilder.java"":1070 -> ""./gson/src/main/java/com/google/gson/GsonBuilder.java"":1035:1093 | gin.edit.statement.SwapStatement ""./gson/src/main/java/com/google/gson/GsonBuilder.java"":1077 <-> ""./gson/src/main/java/com/google/gson/GsonBuilder.java"":1093 |","true","false","1243.508","1.7976931348623157E308","-1.7976931348623157E308","58.86261"
"com.google.gson.GsonBuilder.com.google.gson.GsonBuilder.create()","| gin.edit.statement.DeleteStatement ""./gson/src/main/java/com/google/gson/GsonBuilder.java"":1107 | gin.edit.statement.CopyStatement ""./gson/src/main/java/com/google/gson/GsonBuilder.java"":1070 -> ""./gson/src/main/java/com/google/gson/GsonBuilder.java"":1035:1093 | gin.edit.statement.CopyStatement ""./gson/src/main/java/com/google/gson/GsonBuilder.java"":491 -> ""./gson/src/main/java/com/google/gson/GsonBuilder.java"":1035:1062 |","false","false","0.0","1.7976931348623157E308","-1.7976931348623157E308","0.0"
"com.google.gson.GsonBuilder.com.google.gson.GsonBuilder.create()","| gin.edit.statement.SwapStatement ""./gson/src/main/java/com/google/gson/GsonBuilder.java"":1100 <-> ""./gson/src/main/java/com/google/gson/GsonBuilder.java"":1077 | gin.edit.statement.SwapStatement ""./gson/src/main/java/com/google/gson/GsonBuilder.java"":1035 <-> ""./gson/src/main/java/com/google/gson/GsonBuilder.java"":1035 | gin.edit.statement.SwapStatement ""./gson/src/main/java/com/google/gson/GsonBuilder.java"":1062 <-> ""./gson/src/main/java/com/google/gson/GsonBuilder.java"":1093 |","true","false","1225.0428","1.7976931348623157E308","-1.7976931348623157E308","59.002224"
